user_id,name,email,age
00234e50-34eb-4ce2-94ec-26e3fa749796,Dan Altenwerth Jr.,Molly59@gmail.com,67
006bfede-724d-4cdd-a2a6-59700f40d0da,Glenda Wisozk,Miriam21@gmail.com,119
006e1f7f-90c2-45ad-8c1d-1275d594cc88,Daniel Fahey IV,Delia.Lesch11@hotmail.com,49
00af05c9-0a86-419e-8c2d-5fb7e899ae1c,Ronnie Bechtelar,Sandra19@yahoo.com,22
00cc08cc-62f4-4da1-b8e4-f5d9ef5dbbd4,Alma Bechtelar,Shelly_Balistreri22@hotmail.com,102
01187f09-72be-4924-8a2d-150645dcadad,Jonathon Jones,Jody.Quigley-Ziemann33@yahoo.com,116
01ab6c5d-7ae2-4968-991a-d63e93d8d025,Forrest Heaney,Albert51@hotmail.com,104
0219c1e8-8d5e-4a6b-9a42-3f7e89e8d9a0,Sarah Mitchell,sarah.mitchell@example.com,28
0345d2f9-9e6f-5b7c-8a53-4g8f90f9e0b1,James Wilson,james.wilson@example.com,35
0456e3g0-0f7g-6c8d-9b64-5h9g01g0f1c2,Emily Brown,emily.brown@example.com,42
0567f4h1-1g8h-7d9e-0c75-6i0h12h1g2d3,Michael Davis,michael.davis@example.com,19
0678g5i2-2h9i-8e0f-1d86-7j1i23i2h3e4,Jessica Garcia,jessica.garcia@example.com,55
0789h6j3-3i0j-9f1g-2e97-8k2j34j3i4f5,David Rodriguez,david.rodriguez@example.com,63
0890i7k4-4j1k-0g2h-3f08-9l3k45k4j5g6,Jennifer Martinez,jennifer.martinez@example.com,31
0901j8l5-5k2l-1h3i-4g19-0m4l56l5k6h7,Christopher Hernandez,christopher.hernandez@example.com,88
1012k9m6-6l3m-2i4j-5h20-1n5m67m6l7i8,Amanda Lopez,amanda.lopez@example.com,27
1123l0n7-7m4n-3j5k-6i31-2o6n78n7m8j9,Matthew Gonzalez,matthew.gonzalez@example.com,44
1234m1o8-8n5o-4k6l-7j42-3p7o89o8n9k0,Ashley Wilson,ashley.wilson@example.com,52
1345n2p9-9o6p-5l7m-8k53-4q8p90p9o0l1,Joshua Anderson,joshua.anderson@example.com,76
1456o3q0-0p7q-6m8n-9l64-5r9q01q0p1m2,Brittany Thomas,brittany.thomas@example.com,23
1567p4r1-1q8r-7n9o-0m75-6s0r12r1q2n3,Andrew Taylor,andrew.taylor@example.com,91
1678q5s2-2r9s-8o0p-1n86-7t1s23s2r3o4,Samantha Moore,samantha.moore@example.com,38
1789r6t3-3s0t-9p1q-2o97-8u2t34t3s4p5,Daniel Jackson,daniel.jackson@example.com,15
1890s7u4-4t1u-0q2r-3p08-9v3u45u4t5q6,Nicole Martin,nicole.martin@example.com,69
1901t8v5-5u2v-1r3s-4q19-0w4v56v5u6r7,Ryan Lee,ryan.lee@example.com,81
2012u9w6-6v3w-2s4t-5r20-1x5w67w6v7s8,Lauren Perez,lauren.perez@example.com,29
2123v0x7-7w4x-3t5u-6s31-2y6x78x7w8t9,Brandon Thompson,brandon.thompson@example.com,47
2234w1y8-8x5y-4u6v-7t42-3z7y89y8x9u0,Megan White,megan.white@example.com,54
2345x2z9-9y6z-5v7w-8u53-4a8z90z9y0v1,Jason Harris,jason.harris@example.com,72
2456y3a0-0z7a-6w8x-9v64-5b9a01a0z1w2,Rachel Sanchez,rachel.sanchez@example.com,26
2567z4b1-1a8b-7x9y-0w75-6c0b12b1a2x3,Justin Clark,justin.clark@example.com,95
2678a5c2-2b9c-8y0z-1x86-7d1c23c2b3y4,Stephanie Ramirez,stephanie.ramirez@example.com,33
2789b6d3-3c0d-9z1a-2y97-8e2d34d3c4z5,Kevin Lewis,kevin.lewis@example.com,12
2890c7e4-4d1e-0a2b-3z08-9f3e45e4d5a6,Michelle Robinson,michelle.robinson@example.com,61
2901d8f5-5e2f-1b3c-4a19-0g4f56f5e6b7,Brian Walker,brian.walker@example.com,84
3012e9g6-6f3g-2c4d-5b20-1h5g67g6f7c8,Kimberly Young,kimberly.young@example.com,30
3123f0h7-7g4h-3d5e-6c31-2i6h78h7g8d9,Eric Allen,eric.allen@example.com,48
3234g1i8-8h5i-4e6f-7d42-3j7i89i8h9e0,Laura King,laura.king@example.com,56
3345h2j9-9i6j-5f7g-8e53-4k8j90j9i0f1,Steven Wright,steven.wright@example.com,73
3456i3k0-0j7k-6g8h-9f64-5l9k01k0j1g2,Christina Scott,christina.scott@example.com,24
3567j4l1-1k8l-7h9i-0g75-6m0l12l1k2h3,Jeffrey Torres,jeffrey.torres@example.com,98
3678k5m2-2l9m-8i0j-1h86-7n1m23m2l3i4,Rebecca Nguyen,rebecca.nguyen@example.com,36
3789l6n3-3m0n-9j1k-2i97-8o2n34n3m4j5,Gary Hill,gary.hill@example.com,18
3890m7o4-4n1o-0k2l-3j08-9p3o45o4n5k6,Katherine Flores,katherine.flores@example.com,64
3901n8p5-5o2p-1l3m-4k19-0q4p56p5o6l7,Jonathan Green,jonathan.green@example.com,87
4012o9q6-6p3q-2m4n-5l20-1r5q67q6p7m8,Angela Adams,angela.adams@example.com,32
4123p0r7-7q4r-3n5o-6m31-2s6r78r7q8n9,Nicholas Baker,nicholas.baker@example.com,45
4234q1s8-8r5s-4o6p-7n42-3t7s89s8r9o0,Heather Nelson,heather.nelson@example.com,58
4345r2t9-9s6t-5p7q-8o53-4u8t90t9s0p1,Tyler Carter,tyler.carter@example.com,79
4456s3u0-0t7u-6q8r-9p64-5v9u01u0t1q2,Amy Mitchell,amy.mitchell@example.com,21
